<?xml version="1.0" encoding="UTF-8"?>
<?xml-stylesheet type="text/xsl" href="http://139.91.190.45/styles/hl7/cda_qsg.xsl"?>
<ClinicalDocument xmlns="urn:hl7-org:v3" xmlns:voc="urn:hl7-org:v3/voc" xmlns:xsi="http://www.w3.org/2001/XMLSchema-instance" xsi:schemaLocation="urn:hl7-org:v3 CDA.xsd">
	<typeId root="2.16.840.1.113883.1.3" extension="POCD_HD000040"/>
	<templateId root="2.16.840.1.113883.3.27.1776"/>
	<id extension="c266" root="2.16.840.1.113883.19.4"/>
	<code code="11492-6" codeSystem="2.16.840.1.113883.6.1" codeSystemName="LOINC" displayName="History and Physical note"/>
	<title>Good Health Clinic History and Physical Note</title>
	<effectiveTime value="20101012"/>
	<confidentialityCode code="N" codeSystem="2.16.840.1.113883.5.25"/>
	<languageCode code="en-US"/>
	<versionNumber value="2"/>
	<recordTarget>
		<patientRole>
			<id extension="pat1234" root=""/>
			<patient>
				<name>
					<given>George</given>
					<family>Charalampakis</family>
					<suffix>Dimitrios</suffix>
				</name>
				<administrativeGenderCode code="M" codeSystem="2.16.840.1.113883.5.1"/>
				<birthTime value="19800610"/>
			</patient>
			<providerOrganization>
				<id root="2.16.840.1.113883.19.5"/>
			</providerOrganization>
		</patientRole>
	</recordTarget>
	<author>
		<time value="2000040714"/>
		<assignedAuthor>
			<id extension="KP00017" root="2.16.840.1.113883.19.5"/>
			<assignedPerson>
				<name>
					<given>Robert</given>
					<family>Dolin</family>
					<suffix>MD</suffix>
				</name>
			</assignedPerson>
			<representedOrganization>
				<id root="2.16.840.1.113883.19.5"/>
			</representedOrganization>
		</assignedAuthor>
	</author>
	<custodian>
		<assignedCustodian>
			<representedCustodianOrganization>
				<id root="2.16.840.1.113883.19.5"/>
				<name>Good Health Clinic</name>
			</representedCustodianOrganization>
		</assignedCustodian>
	</custodian>
	<legalAuthenticator>
		<time value="20000408"/>
		<signatureCode code="S"/>
		<assignedEntity>
			<id extension="KP00017" root="2.16.840.1.113883.19.5"/>
			<assignedPerson>
				<name>
					<given>Robert</given>
					<family>Dolin</family>
					<suffix>MD</suffix>
				</name>
			</assignedPerson>
			<representedOrganization>
				<id root="2.16.840.1.113883.19.5"/>
				<name>LEGAL INC.</name>
			</representedOrganization>
		</assignedEntity>
	</legalAuthenticator>
	<component>
		<structuredBody>
			<component>
				<section>
					<templateId root="1.3.6.1.4.1.19376.1.5.3.1.3.8"/>
					<code code="11348-0"  codeSystem="2.16.840.1.113883.6.1" codeSystemName="LOINC"/>
					<title>Medications</title>
					<text>
						<list>
							<item>Theodur 200mg BID</item>
							<item>Proventil inhaler 2puffs QID PRN</item>
						</list>
					</text>
					<entry>
						<act classCode="ACT" moodCode="EVN">
							<substanceAdministration typeCode='SBADM' moodCode='EVN' negationInd='true'>
								<templateId root='2.16.840.1.113883.10.20.1.24'/>
								<templateId root='1.3.6.1.4.1.19376.1.5.3.1.4.7'/>
								<templateId root=''/>
								<id root='' extension='12122'/>
								<code code='IMMUNIZ' codeSystem='2.16.840.1.113883.5.4' codeSystemName='ActCode'/>
								<text>Theodur 200mg BID</text>
								<statusCode code='completed'/>
								<effectiveTime value='200310101010'/>
								<routeCode code='IAINJ' displayName='Injection, intraarterial' codeSystem='' codeSystemName='RouteOfAdministration'/>
								<approachSiteCode code='LF' displayName='left foot' codeSystem='' codeSystemName='HumanSubstanceAdministrationSite'/>
								<doseQuantity value='38' units='mg'/>
								<consumable typeCode='CSM'>
								  <manufacturedProduct classCode='MANU'>
									<manufacturedLabeledDrug classCode='MMAT' determinerCode='KIND'>
									  <code code='A10334699' codeSystem='RXNORM' codeSystemName=''>
									<originalText><reference value='#yyy'/></originalText>
									  </code>
									</manufacturedLabeledDrug>
								  </manufacturedProduct>
								</consumable>
							</substanceAdministration>	
						</act>
					</entry>
					<entry>
						<act classCode="ACT" moodCode="EVN">
							<substanceAdministration classCode="SBADM" moodCode="EVN">
								<templateId root='2.16.840.1.113883.10.20.1.24'/>
								<templateId root='1.3.6.1.4.1.19376.1.5.3.1.4.7'/>
								<templateId root=''/>
								<id root='' extension='12122'/>
								<code code='IMMUNIZ' codeSystem='2.16.840.1.113883.5.4' codeSystemName='ActCode'/>
								<text>Proventil inhaler 2puffs QID PRN</text>
								<statusCode code='completed'/>
								<effectiveTime value='200310101010'/>
								<priorityCode code="PRN"/>
								<routeCode code="IPINHL" codeSystem="2.16.840.1.113883.5.112" codeSystemName="RouteOfAdministration" displayName="Inhalation, oral"/>
								<approachSiteCode code='LF' displayName='left foot' codeSystem='' codeSystemName='HumanSubstanceAdministrationSite'/>
								<doseQuantity value="2"/>
								<consumable>
									<manufacturedProduct>
										<manufacturedLabeledDrug>
											<code code="91143003" codeSystem="2.16.840.1.113883.6.96" codeSystemName="SNOMED CT" displayName="Albuterol"/>
										</manufacturedLabeledDrug>
									</manufacturedProduct>
								</consumable>
							</substanceAdministration>
						</act>
					</entry>
					
				</section>
			</component>
		</structuredBody>
	</component>
</ClinicalDocument>